項目,網址
詳全文：奧客「貨運都知道我」　為證件5字經譙店員,https://tw.appledaily.com/http://www.appledaily.com.tw/realtimenews/article/new/20171113/1239961/
詳全文：大馬密會43小時　林志玲言承旭默契抵中國,https://tw.appledaily.com/http://www.appledaily.com.tw/realtimenews/article/new/20171113/1240083/
詳全文：法拉利姊哭譙餐車遭檢舉　切心收攤棄上萬日薪,https://tw.appledaily.com/http://www.appledaily.com.tw/realtimenews/article/new/20171113/1239986/
詳全文：整形名醫開刀日偷情女醫　「一周嘿咻1次」,https://tw.appledaily.com/http://www.appledaily.com.tw/realtimenews/article/new/20171113/1240005/
詳全文：「言承旭常來家裡」　林志玲母：我當然OK！,https://tw.appledaily.com/http://www.appledaily.com.tw/realtimenews/article/new/20171113/1240011/
詳全文：AV高瀨杏揭密真實年齡　嬌嗔傲人G奶好困擾,https://tw.appledaily.com/http://www.appledaily.com.tw/realtimenews/article/new/20171113/1239887/
詳全文：立委友人告狀　高鐵直呼冤枉,https://tw.appledaily.com/http://www.appledaily.com.tw/realtimenews/article/new/20171113/1239924/
詳全文：林志玲「想結婚生子」　星座專家建議這樣做,https://tw.appledaily.com/http://www.appledaily.com.tw/realtimenews/article/new/20171113/1240013/
詳全文：超大膽！電車癡女摸男下體　讓他褲子凸起了,https://tw.appledaily.com/http://www.appledaily.com.tw/realtimenews/article/new/20171113/1239976/
詳全文：用粉刺機要當心　女學生被吸出大爛痘,https://tw.appledaily.com/http://www.appledaily.com.tw/realtimenews/article/new/20171113/1239869/
詳全文：鄉民宴80桌秒殺　台菜二世祖：心情驚恐,https://tw.appledaily.com/http://www.appledaily.com.tw/realtimenews/article/new/20171113/1239974/
詳全文：【雙喜臨門】蔡正元63歲當爸　本周可望回家團圓,https://tw.appledaily.com/http://www.appledaily.com.tw/realtimenews/article/new/20171113/1240093/
詳全文：她赴祭拜兄長頭七　悲慟！途中遇死劫喪命,https://tw.appledaily.com/http://www.appledaily.com.tw/realtimenews/article/new/20171113/1240012/
詳全文：地下淫宮豢養13少年　老大夜夜選妃逞獸慾,https://tw.appledaily.com/http://www.appledaily.com.tw/realtimenews/article/new/20171113/1240051/
詳全文：世紀復合！他想到這一對　要志玲「好好愛自己」,https://tw.appledaily.com/http://www.appledaily.com.tw/realtimenews/article/new/20171113/1240040/
詳全文：【買房問蘋果】持分房屋像寄宿　怎麼保障？,https://tw.appledaily.com/http://www.appledaily.com.tw/realtimenews/article/new/20171113/1236125/
詳全文：劉黎兒專欄：空屋 少子與房價,https://tw.appledaily.com/http://www.appledaily.com.tw/realtimenews/article/new/20171113/1239968/
詳全文：【獨家】同志天菜斷開洋妞　女友驚變馬景濤前妻,https://tw.appledaily.com/http://www.appledaily.com.tw/realtimenews/article/new/20171113/1239794/
詳全文：安全帽戴太久　這毛病會找上你,https://tw.appledaily.com/http://www.appledaily.com.tw/realtimenews/article/new/20171113/1238186/
詳全文：陸元琪「都是負債」　1145字駁拿小胖所有財產,https://tw.appledaily.com/http://www.appledaily.com.tw/realtimenews/article/new/20171113/1240046/
詳全文：【生死鬥】5.2公尺長巨蛇發威　小蛇使出捲頭功仍敗北 ,https://tw.appledaily.com/http://www.appledaily.com.tw/realtimenews/article/new/20171113/1239984/
詳全文：接未成年女友下課　職業軍人竟成猥褻案被告,https://tw.appledaily.com/http://www.appledaily.com.tw/realtimenews/article/new/20171113/1239649/
詳全文：【夾殺片】買大支划算？小支i8本季產量恐暴減6成　,https://tw.appledaily.com/http://www.appledaily.com.tw/realtimenews/article/new/20171113/1239821/
詳全文：【不斷更新】八百壯士宣布今日活動結束　保存實力明再上凱道抗議,https://tw.appledaily.com/http://www.appledaily.com.tw/realtimenews/article/new/20171113/1239947/
詳全文：瀏海害iPhone X看不到電量　3招破解！,https://tw.appledaily.com/http://www.appledaily.com.tw/realtimenews/article/new/20171113/1239983/
詳全文：「美術教室偷情」　大學講師貼她車又附照,https://tw.appledaily.com/http://www.appledaily.com.tw/realtimenews/article/new/20171113/1240009/
詳全文：【重逢片】狗狗看到當兵主人回來　反應讓人流淚,https://tw.appledaily.com/http://www.appledaily.com.tw/realtimenews/article/new/20171113/1239904/
詳全文：海苔出新口味！其實是警訊　真相令人憂心,https://tw.appledaily.com/http://www.appledaily.com.tw/realtimenews/article/new/20171113/1240031/
詳全文：【有片】保時捷跑車迎娶　慘！豬隊友放炮GG了,https://tw.appledaily.com/http://www.appledaily.com.tw/realtimenews/article/new/20171113/1240087/
詳全文：休旅車公開的秘密！　後車廂加這根節稅10萬,https://tw.appledaily.com/http://www.appledaily.com.tw/realtimenews/article/new/20171113/1240029/
詳全文：太乖了！打開被被　小狗馬上跳進來,https://tw.appledaily.com/http://www.appledaily.com.tw/realtimenews/article/new/20171113/1239841/
詳全文：手滑傳給老婆清涼照　網友：一圖就知老江湖,https://tw.appledaily.com/http://www.appledaily.com.tw/realtimenews/article/new/20171113/1240130/
詳全文：毒品控制13少年　戀童男夜夜「選妃」性侵,https://tw.appledaily.com/http://www.appledaily.com.tw/realtimenews/article/new/20171113/1240007/
詳全文：命中注定？小黃違停路中間　騎士要過就被她擊落,https://tw.appledaily.com/http://www.appledaily.com.tw/realtimenews/article/new/20171113/1239955/
詳全文：機車藏113個保險套　判刑！法官不信他用得完,https://tw.appledaily.com/http://www.appledaily.com.tw/realtimenews/article/new/20171113/1240017/
詳全文：柯以柔陷人生難題大掉髮　笑撇強顏歡笑,https://tw.appledaily.com/http://www.appledaily.com.tw/realtimenews/article/new/20171113/1240137/
詳全文：尋歡客要性交易　按摩師「只做純按摩」遭毆,https://tw.appledaily.com/http://www.appledaily.com.tw/realtimenews/article/new/20171113/1240015/
詳全文：170公分長腿麻豆　俏麗短髮甜笑好迷人,https://tw.appledaily.com/http://www.appledaily.com.tw/realtimenews/article/new/20171113/1239763/
詳全文：買房貸不高　6關鍵問題點,https://tw.appledaily.com/http://www.appledaily.com.tw/realtimenews/article/new/20171113/1237900/
詳全文：向業者揭補教師有愛滋病　女護士GG了,https://tw.appledaily.com/http://www.appledaily.com.tw/realtimenews/article/new/20171113/1240039/
詳全文：不管漲價！油錶沒到想要位置　女怒飆加油員,https://tw.appledaily.com/http://www.appledaily.com.tw/realtimenews/article/new/20171113/1239944/
詳全文：想安樂死的人幹嘛不自殺？胸外醫師一語道破盲腸,https://tw.appledaily.com/http://www.appledaily.com.tw/realtimenews/article/new/20171113/1240214/
詳全文：【不斷更新】兩伊邊境7.3強震　逾210死千人傷 ,https://tw.appledaily.com/http://www.appledaily.com.tw/realtimenews/article/new/20171113/1239996/
詳全文：網友激推5大炸雞店！第一名不是胖老爹,https://tw.appledaily.com/http://www.appledaily.com.tw/realtimenews/article/new/20171113/1240042/
詳全文：他丟300元給玉蘭花姨　花倒地上！狂踩羞辱！,https://tw.appledaily.com/http://www.appledaily.com.tw/realtimenews/article/new/20171113/1240060/
詳全文：【難過片】寶寶凍死　企鵝媽媽痛哭 ,https://tw.appledaily.com/http://www.appledaily.com.tw/realtimenews/article/new/20171113/1239901/
詳全文：【凶宅打卡】變調的初戀　醉夫勒斃結髮妻,https://tw.appledaily.com/http://www.appledaily.com.tw/realtimenews/article/new/20171113/1235915/
詳全文：【勸導片】30警防「待轉大富翁」　1騎士繞行遭勸導離開,https://tw.appledaily.com/http://www.appledaily.com.tw/realtimenews/article/new/20171113/1239982/
詳全文：入冬最低溫　日本推加熱睡袋,https://tw.appledaily.com/http://www.appledaily.com.tw/realtimenews/article/new/20171113/1239977/
詳全文：近距離拍照釀禍　兩遊客在尚比亞遭大象踩死 ,https://tw.appledaily.com/http://www.appledaily.com.tw/realtimenews/article/new/20171113/1239993/
詳全文：1.5米長怪鯊有300顆牙　祖先有8000萬年歷史,https://tw.appledaily.com/http://www.appledaily.com.tw/realtimenews/article/new/20171113/1239980/
詳全文：兩台灣男偷獵犀牛　史瓦濟蘭法院重判11年,https://tw.appledaily.com/http://www.appledaily.com.tw/realtimenews/article/new/20171113/1239992/
詳全文：14隻無名狼英雄　改變黃石公園,https://tw.appledaily.com/http://www.appledaily.com.tw/realtimenews/article/new/20171113/1239849/
詳全文：【唐綺陽星座】射手將成關注焦點　天蠍巨額金錢活動頻繁,https://tw.appledaily.com/http://www.appledaily.com.tw/realtimenews/article/new/20171113/1239778/
詳全文：習近平抵河內訪問　民眾盼中共學越共走向民主 ,https://tw.appledaily.com/http://www.appledaily.com.tw/realtimenews/article/new/20171113/1239991/
詳全文：【好威片】化身鋼鐵人？福特車廠讓員工穿這個,https://tw.appledaily.com/http://www.appledaily.com.tw/realtimenews/article/new/20171113/1239940/
詳全文：【有片】人氣麻辣鍋訂不到位　在家這樣開吃,https://tw.appledaily.com/http://www.appledaily.com.tw/realtimenews/article/new/20171113/1239179/
詳全文：女友卸貨「母女均安」　C羅開心迎接4寶出世,https://tw.appledaily.com/http://www.appledaily.com.tw/realtimenews/article/new/20171113/1240053/
詳全文：20萬脫北者長居中國　中國持續強制遣返,https://tw.appledaily.com/http://www.appledaily.com.tw/realtimenews/article/new/20171113/1240037/
詳全文：北北基宜蘭大雨特報　南部高溫30℃,https://tw.appledaily.com/http://www.appledaily.com.tw/realtimenews/article/new/20171113/1240003/
詳全文：拚CSR 　這兩家科技業台廠企業形象佳,https://tw.appledaily.com/http://www.appledaily.com.tw/realtimenews/article/new/20171113/1239946/
詳全文：【有片】台北海碩盃會內名單出爐　百大性感榜7美女球星抵台,https://tw.appledaily.com/http://www.appledaily.com.tw/realtimenews/article/new/20171113/1239994/
詳全文：不滿周日到校寫作業　16歲學生刺死老師,https://tw.appledaily.com/http://www.appledaily.com.tw/realtimenews/article/new/20171113/1240074/
詳全文：瀕危動物！7公尺大的海中巨人,https://tw.appledaily.com/http://www.appledaily.com.tw/realtimenews/article/new/20171113/1239858/
詳全文：熱到受不了！這隻狗居然…,https://tw.appledaily.com/http://www.appledaily.com.tw/realtimenews/article/new/20171113/1239843/
詳全文：​麻善大橋上吊　屍懸半空嚇壞人,https://tw.appledaily.com/http://www.appledaily.com.tw/realtimenews/article/new/20171113/1240179/
詳全文：【歷史上的今天】蔡英文眼眶泛淚談勞工：民進黨心裡最軟那塊,https://tw.appledaily.com/http://www.appledaily.com.tw/realtimenews/article/new/20171113/1239793/
詳全文：鹿晗關曉彤羞澀合影　地點曝光在「他」家！,https://tw.appledaily.com/http://www.appledaily.com.tw/realtimenews/article/new/20171113/1240035/
詳全文：【有片】要怎麼打？ 大聯盟最難纏5球路投手出爐　,https://tw.appledaily.com/http://www.appledaily.com.tw/realtimenews/article/new/20171113/1240050/
詳全文：估算你IG照片1張多少錢　hen殘忍,https://tw.appledaily.com/http://www.appledaily.com.tw/realtimenews/article/new/20171113/1239953/
詳全文：妻兒將遭中國遣返北韓　脫北者向港媒求救,https://tw.appledaily.com/http://www.appledaily.com.tw/realtimenews/article/new/20171113/1240032/
詳全文：這熟悉的觸感　貓咪一秒變鳥巢,https://tw.appledaily.com/http://www.appledaily.com.tw/realtimenews/article/new/20171113/1239854/
詳全文：【道歉片】曾嗆對徐榛蔚很有意見　26天後李永得公開致歉,https://tw.appledaily.com/http://www.appledaily.com.tw/realtimenews/article/new/20171113/1240052/
詳全文：一入行就臥底　舊金山首位華裔警察逝世,https://tw.appledaily.com/http://www.appledaily.com.tw/realtimenews/article/new/20171113/1240125/
詳全文：不是只有貓狗愛撒嬌！這隻牛居然…,https://tw.appledaily.com/http://www.appledaily.com.tw/realtimenews/article/new/20171113/1239856/
詳全文：【有片】丑男成功啦！  向陌生女索百吻 「比想像容易」,https://tw.appledaily.com/http://www.appledaily.com.tw/realtimenews/article/new/20171113/1239729/
詳全文：十一月十三日財經焦點搶先看,https://tw.appledaily.com/http://www.appledaily.com.tw/realtimenews/article/new/20171113/1240001/
詳全文：十一月十三日各報頭條搶先報,https://tw.appledaily.com/http://www.appledaily.com.tw/realtimenews/article/new/20171113/1240002/
詳全文：火車脫軌後墜落峽谷　至少34死26傷,https://tw.appledaily.com/http://www.appledaily.com.tw/realtimenews/article/new/20171113/1240008/
詳全文：【恐怖IS】哈威雅淪陷3年　伊軍發現亂葬崗埋400人,https://tw.appledaily.com/http://www.appledaily.com.tw/realtimenews/article/new/20171113/1239989/
詳全文：​教室頂樓、草叢性侵男童　慣犯要求從輕量刑,https://tw.appledaily.com/http://www.appledaily.com.tw/realtimenews/article/new/20171113/1240025/
詳全文：男拿棉花棒插獄友肛門　判賠60萬,https://tw.appledaily.com/http://www.appledaily.com.tw/realtimenews/article/new/20171113/1239963/
詳全文：【有片】用餐中天搖地動　食客倉皇奔逃,https://tw.appledaily.com/http://www.appledaily.com.tw/realtimenews/article/new/20171113/1240014/
詳全文：30歲告急！女主持人拉警報　只要順眼「我養你」,https://tw.appledaily.com/http://www.appledaily.com.tw/realtimenews/article/new/20171113/1240084/
詳全文：華航片面更改航班時間　引發旅客不滿,https://tw.appledaily.com/http://www.appledaily.com.tw/realtimenews/article/new/20171113/1238348/
詳全文：【玩水片】貪吃海獅為吃魚　整尊趴遊艇,https://tw.appledaily.com/http://www.appledaily.com.tw/realtimenews/article/new/20171113/1239905/
詳全文：電腦記憶體的運作方式,https://tw.appledaily.com/http://www.appledaily.com.tw/realtimenews/article/new/20171113/1237404/
詳全文：蔡阿嘎喝「厚！奶茶」　預言下個退燒夯店是…,https://tw.appledaily.com/http://www.appledaily.com.tw/realtimenews/article/new/20171113/1240198/
詳全文：館長駁斥「教練賺不到錢」　霸氣公開薪資條啦,https://tw.appledaily.com/http://www.appledaily.com.tw/realtimenews/article/new/20171113/1240055/
詳全文：深田恭子沖繩秀肌情　性感露背自然美,https://tw.appledaily.com/http://www.appledaily.com.tw/realtimenews/article/new/20171113/1240115/
詳全文：鍾邦友：全民綠能屋頂美夢恐幻滅,https://tw.appledaily.com/http://www.appledaily.com.tw/realtimenews/article/new/20171113/1239966/
詳全文：銀行老本無端蒸發　19歲逆子幹的 ,https://tw.appledaily.com/http://www.appledaily.com.tw/realtimenews/article/new/20171113/1240112/
詳全文：陳威仲：APEC暗示貿易談判或將轉向,https://tw.appledaily.com/http://www.appledaily.com.tw/realtimenews/article/new/20171113/1239964/
詳全文：朱立倫施政成果　周錫瑋5個字形容,https://tw.appledaily.com/http://www.appledaily.com.tw/realtimenews/article/new/20171113/1240223/
詳全文：清大圖館有偷拍色狼！　多名女大生受害,https://tw.appledaily.com/http://www.appledaily.com.tw/realtimenews/article/new/20171113/1240021/
詳全文：【法律問蘋果】房客被告知屋將改建　不續租竟被扣2月押金,https://tw.appledaily.com/http://www.appledaily.com.tw/realtimenews/article/new/20171113/1238861/
詳全文：周末大降溫須留意　彭啟明：低溫下探15℃,https://tw.appledaily.com/http://www.appledaily.com.tw/realtimenews/article/new/20171113/1240048/
詳全文：妻誤飲摻安眠藥的比菲多　夫趁機嘿咻判刑3年,https://tw.appledaily.com/http://www.appledaily.com.tw/realtimenews/article/new/20171113/1240213/
詳全文：冠德深耕三重　最新建案月銷6成,https://tw.appledaily.com/http://www.appledaily.com.tw/realtimenews/article/new/20171113/1238902/
詳全文：國際形象再升級　鵝鑾鼻改建通風建築,https://tw.appledaily.com/http://www.appledaily.com.tw/realtimenews/article/new/20171113/1239826/
詳全文：天氣多變！周四秋老虎飆31℃　周日下探14℃,https://tw.appledaily.com/http://www.appledaily.com.tw/realtimenews/article/new/20171113/1240016/
詳全文：當老大性工具慘遭洗腦　4被害少年「樂在其中」,https://tw.appledaily.com/http://www.appledaily.com.tw/realtimenews/article/new/20171113/1240202/
詳全文：【實測片】 iPhone X太嬌貴　5成人加買這個防GG,https://tw.appledaily.com/http://www.appledaily.com.tw/realtimenews/article/new/20171113/1239861/
詳全文：【過程還原】黎巴嫩總理被騙至沙烏地阿拉伯　照稿宣讀「辭職宣言」,https://tw.appledaily.com/http://www.appledaily.com.tw/realtimenews/article/new/20171113/1239979/
詳全文：假考察真賭博　桃議員邱佳亮詐領補助費,https://tw.appledaily.com/http://www.appledaily.com.tw/realtimenews/article/new/20171113/1240081/
詳全文：酷妹片場不甩吸血鬼帥哥　其實《暮光之城》看過100遍,https://tw.appledaily.com/http://www.appledaily.com.tw/realtimenews/article/new/20171113/1239942/
詳全文：不滿軍人反年改方案　「八百壯士」遊行抗議,https://tw.appledaily.com/http://www.appledaily.com.tw/realtimenews/article/new/20171113/1240072/
詳全文：【有片】強國爺一巴掌　狠！孫女鼻血噴滿地,https://tw.appledaily.com/http://www.appledaily.com.tw/realtimenews/article/new/20171113/1240099/
詳全文：安室奈美惠最後巡演！明年5月台北小巨蛋連唱2場,https://tw.appledaily.com/http://www.appledaily.com.tw/realtimenews/article/new/20171113/1239969/
詳全文：ATP年終總決賽開打　費德勒打下年度第50勝,https://tw.appledaily.com/http://www.appledaily.com.tw/realtimenews/article/new/20171113/1239987/
詳全文：疑何子雨求救訊號！民航機收到、軍方收不到　妻急問：怎麼辦,https://tw.appledaily.com/http://www.appledaily.com.tw/realtimenews/article/new/20171113/1240189/
詳全文：曖昧對象出門都要「母子裝」！她猶豫是否該交往,https://tw.appledaily.com/http://www.appledaily.com.tw/realtimenews/article/new/20171113/1240119/
詳全文：【毒氣室】印度空污超嚴重　聯合航空取消航班,https://tw.appledaily.com/http://www.appledaily.com.tw/realtimenews/article/new/20171113/1239978/
詳全文：客委會主委不能講客語！陳為廷怒了：回到戒嚴？,https://tw.appledaily.com/http://www.appledaily.com.tw/realtimenews/article/new/20171113/1240150/
詳全文：長頸鹿其實愛唱歌　甚至唱整晚,https://tw.appledaily.com/http://www.appledaily.com.tw/realtimenews/article/new/20171113/1239852/
詳全文：寶島夢想家門票中午開賣　和菲勞搶票捍衛主場,https://tw.appledaily.com/http://www.appledaily.com.tw/realtimenews/article/new/20171113/1239889/
詳全文：賴揆今聽取都更政策　「釘子戶」將設調處機制,https://tw.appledaily.com/http://www.appledaily.com.tw/realtimenews/article/new/20171113/1239918/
詳全文：修繕量販店傳倒店　 員工控資方假協商真解雇,https://tw.appledaily.com/http://www.appledaily.com.tw/realtimenews/article/new/20171113/1240157/
詳全文：國內首試Mini首款油電車　玩趣依舊不減,https://tw.appledaily.com/http://www.appledaily.com.tw/realtimenews/article/new/20171113/1240024/
詳全文：【慶富案】密件滿天飛　顧立雄：已經解密,https://tw.appledaily.com/http://www.appledaily.com.tw/realtimenews/article/new/20171113/1240067/
詳全文：與柯文哲競逐台北市長？　陳菊：我有自己的安排,https://tw.appledaily.com/http://www.appledaily.com.tw/realtimenews/article/new/20171113/1240094/
詳全文：性騷風暴延燒知名慈善團體　數十人被迫辭職,https://tw.appledaily.com/http://www.appledaily.com.tw/realtimenews/article/new/20171113/1240165/
詳全文：北北基宜大雨特報　周四五回暖、周末有感降溫,https://tw.appledaily.com/http://www.appledaily.com.tw/realtimenews/article/new/20171113/1240044/
詳全文：張競：軍容雖壯盛　曝露民族自信心不足,https://tw.appledaily.com/http://www.appledaily.com.tw/realtimenews/article/new/20171113/1240146/
詳全文：是有多衰　這人被鯊魚攻擊過3次 ,https://tw.appledaily.com/http://www.appledaily.com.tw/realtimenews/article/new/20171113/1239850/
詳全文：寶島夢想家洋將確定　鵜鶘柯辛斯弟弟留用,https://tw.appledaily.com/http://www.appledaily.com.tw/realtimenews/article/new/20171113/1239903/
詳全文：Tesla新加速模式Chill　平穩不暴衝,https://tw.appledaily.com/http://www.appledaily.com.tw/realtimenews/article/new/20171113/1239975/
詳全文：【咩姊台語】雲林烏魚子產季到　又見養殖戶曬烏金,https://tw.appledaily.com/http://www.appledaily.com.tw/realtimenews/article/new/20171113/1237954/
詳全文：【有片】訪問時大地震　來賓驚慌主播強自鎮定,https://tw.appledaily.com/http://www.appledaily.com.tw/realtimenews/article/new/20171113/1240019/
詳全文：辱護理師「輸卵管」後再出招　他提告爆料公社,https://tw.appledaily.com/http://www.appledaily.com.tw/realtimenews/article/new/20171113/1240057/
詳全文：【有片】塞爾提克讓一位爾文　12連勝照樣到手,https://tw.appledaily.com/http://www.appledaily.com.tw/realtimenews/article/new/20171113/1240018/
詳全文：男子網路匯款轉錯帳　追討時對方竟人間蒸發   ,https://tw.appledaily.com/http://www.appledaily.com.tw/realtimenews/article/new/20171113/1240082/
詳全文：日本東部外海地震　規模5.8,https://tw.appledaily.com/http://www.appledaily.com.tw/realtimenews/article/new/20171113/1240010/
詳全文：Google研究　網路釣魚一年偷1200萬筆個資,https://tw.appledaily.com/http://www.appledaily.com.tw/realtimenews/article/new/20171113/1239981/
詳全文：羊竟認得人臉　最愛歐巴馬,https://tw.appledaily.com/http://www.appledaily.com.tw/realtimenews/article/new/20171113/1239846/
詳全文：粉碎被沙國軟禁傳言　黎巴嫩總理：近日返國 ,https://tw.appledaily.com/http://www.appledaily.com.tw/realtimenews/article/new/20171113/1240000/
詳全文：實習師拖男學生進廁所　舔乳摸雞判8個月,https://tw.appledaily.com/http://www.appledaily.com.tw/realtimenews/article/new/20171113/1240120/
詳全文：台灣小將曾俊欣、梁恩碩　稱霸南韓一級青少年網賽,https://tw.appledaily.com/http://www.appledaily.com.tw/realtimenews/article/new/20171113/1239990/
詳全文：【五貼片】2大3小騎機車5貼載　警：太危險將開罰,https://tw.appledaily.com/http://www.appledaily.com.tw/realtimenews/article/new/20171113/1240143/
詳全文：泰勒絲MTV歐洲音樂獎5獎全槓　最大贏家是他,https://tw.appledaily.com/http://www.appledaily.com.tw/realtimenews/article/new/20171113/1240063/
詳全文：台北市網球中心　獲2017台灣建築獎,https://tw.appledaily.com/http://www.appledaily.com.tw/realtimenews/article/new/20171113/1240117/
詳全文：十指緊扣不倫新歡　伊旺麥奎格情侶裝放閃,https://tw.appledaily.com/http://www.appledaily.com.tw/realtimenews/article/new/20171113/1240122/
詳全文：【台北耳語】解鈴還需繫鈴人,https://tw.appledaily.com/http://www.appledaily.com.tw/realtimenews/article/new/20171113/1239844/
詳全文：【超火片】挺過1000℃熔岩　GoPro紀錄岩漿來襲剎那,https://tw.appledaily.com/http://www.appledaily.com.tw/realtimenews/article/new/20171113/1239999/
詳全文：十一月十三日世界頭條搶先報,https://tw.appledaily.com/http://www.appledaily.com.tw/realtimenews/article/new/20171113/1240004/
詳全文：南投又地震！今早08:38芮氏規模3.8　最大震度雲林5級,https://tw.appledaily.com/http://www.appledaily.com.tw/realtimenews/article/new/20171113/1240043/
詳全文：中國干涉　李應元遭拒參加聯合國氣候大會,https://tw.appledaily.com/http://www.appledaily.com.tw/realtimenews/article/new/20171113/1240095/
詳全文：【壹週刊】臉皮鬆了不打緊　梁朝偉電眼走跳33年,https://tw.appledaily.com/http://www.appledaily.com.tw/realtimenews/article/new/20171113/1240126/
詳全文：三寶這樣逆向騎車　目擊駕駛驚呆：哇操！,https://tw.appledaily.com/http://www.appledaily.com.tw/realtimenews/article/new/20171113/1240140/
詳全文：9歲童體重9公斤　葉門恐面臨數十年最嚴重饑荒,https://tw.appledaily.com/http://www.appledaily.com.tw/realtimenews/article/new/20171113/1240028/
詳全文：哥哥弄髒他的家　潔癖弟燒炭獲救,https://tw.appledaily.com/http://www.appledaily.com.tw/realtimenews/article/new/20171113/1240105/
詳全文：大聲喧嘩.沒禮貌　韓調查：南韓人出遊水準偏低,https://tw.appledaily.com/http://www.appledaily.com.tw/realtimenews/article/new/20171113/1240144/
詳全文：小甜甜譙廠商盜用肖像　「貼肚臍怎麼可能會瘦」,https://tw.appledaily.com/http://www.appledaily.com.tw/realtimenews/article/new/20171113/1240148/
詳全文：警察4等VS業務　網友一致推警察,https://tw.appledaily.com/http://www.appledaily.com.tw/realtimenews/article/new/20171113/1240066/
詳全文：老闆為何喜歡找菜鳥　網友7字點出真相,https://tw.appledaily.com/http://www.appledaily.com.tw/realtimenews/article/new/20171113/1240116/
詳全文：騎士「瘋狂待轉」衝撞，看見硬拗民主缺少思辨,https://tw.appledaily.com/http://www.appledaily.com.tw/realtimenews/article/new/20171113/1240171/
詳全文：打卡上傳聖誕新貨　前10讚送500元,https://tw.appledaily.com/http://www.appledaily.com.tw/realtimenews/article/new/20171113/1239721/
詳全文：剪髮增球速？　狄格隆：可以多2哩,https://tw.appledaily.com/http://www.appledaily.com.tw/realtimenews/article/new/20171113/1240026/
詳全文：【台港首富都甲意】電競股雷蛇香港掛牌　首日暴漲42%,https://tw.appledaily.com/http://www.appledaily.com.tw/realtimenews/article/new/20171113/1240064/
詳全文：史丹利：老派傑尼斯,https://tw.appledaily.com/http://www.appledaily.com.tw/realtimenews/article/new/20171113/1239998/
詳全文：大貨車國道爆胎釀火燒車　濃煙一公里外可見,https://tw.appledaily.com/http://www.appledaily.com.tw/realtimenews/article/new/20171113/1240073/
詳全文：她剪開24個LV包做馬桶　定價300萬真能沖水,https://tw.appledaily.com/http://www.appledaily.com.tw/realtimenews/article/new/20171113/1240221/
詳全文：【喵嗚片】建築師好有愛　公益打造街喵的家,https://tw.appledaily.com/http://www.appledaily.com.tw/realtimenews/article/new/20171113/1239899/
詳全文：涂予尹：水利會機關化 此其時矣,https://tw.appledaily.com/http://www.appledaily.com.tw/realtimenews/article/new/20171113/1239962/
詳全文：一例一休修法　民調：66.6%民眾贊成,https://tw.appledaily.com/http://www.appledaily.com.tw/realtimenews/article/new/20171113/1240108/
詳全文：難忍歧視跨性別　河莉秀抨擊T.O.P呼麻女,https://tw.appledaily.com/http://www.appledaily.com.tw/realtimenews/article/new/20171113/1240176/
詳全文：吳惠林專欄：今年諾貝爾經濟學獎鼓勵投機？,https://tw.appledaily.com/http://www.appledaily.com.tw/realtimenews/article/new/20171113/1239967/
詳全文：前中正航空站主任：桃機徵地預算三級跳  不宜由全民買單,https://tw.appledaily.com/http://www.appledaily.com.tw/realtimenews/article/new/20171113/1240078/
詳全文：罹肺癌只吃中藥　病況惡化廚師險死,https://tw.appledaily.com/http://www.appledaily.com.tw/realtimenews/article/new/20171113/1240155/
詳全文： 從黑格爾的「正反合」辯證與黑天鵝效應 看阿伯的虐狗事件,https://tw.appledaily.com/http://www.appledaily.com.tw/realtimenews/article/new/20171113/1240065/
詳全文：2起公寓雜物燃燒　警消懷疑人為縱火,https://tw.appledaily.com/http://www.appledaily.com.tw/realtimenews/article/new/20171113/1240076/
詳全文：【K律師論點】再怎麼厲害　還是要念點書的,https://tw.appledaily.com/http://www.appledaily.com.tw/realtimenews/article/new/20171113/1240139/
詳全文：技術升級不成　比特幣從紀錄高點崩跌29%,https://tw.appledaily.com/http://www.appledaily.com.tw/realtimenews/article/new/20171113/1240209/
詳全文：傳拿下A11X訂單　台積電股價不動如山,https://tw.appledaily.com/http://www.appledaily.com.tw/realtimenews/article/new/20171113/1240138/
詳全文：【NBA報馬仔】老鷹明打鵜鶘　快來看David哥的神推薦 ,https://tw.appledaily.com/http://www.appledaily.com.tw/realtimenews/article/new/20171113/1239836/
詳全文：打到骨折　毛孩子壞掉了？,https://tw.appledaily.com/http://www.appledaily.com.tw/realtimenews/article/new/20171113/1239914/
詳全文：橋本環奈新照「超色氣」　網友驚：這是誰？,https://tw.appledaily.com/http://www.appledaily.com.tw/realtimenews/article/new/20171113/1240160/
詳全文：​台7甲南山路段恢復通行　每整點放行10分鐘,https://tw.appledaily.com/http://www.appledaily.com.tw/realtimenews/article/new/20171113/1240027/
詳全文：伊朗地震頻繁　百年來逾12萬人死於震災,https://tw.appledaily.com/http://www.appledaily.com.tw/realtimenews/article/new/20171113/1240038/
詳全文：全球氣候風險指數　台灣大幅升至第7名,https://tw.appledaily.com/http://www.appledaily.com.tw/realtimenews/article/new/20171113/1240092/
詳全文：黃昭順怒指遭鄭麗君放鴿子　鄭回應指「誤會」,https://tw.appledaily.com/http://www.appledaily.com.tw/realtimenews/article/new/20171113/1240136/
詳全文：接見APEC代表團　蔡英文： 對話與交流是各國共同期待,https://tw.appledaily.com/http://www.appledaily.com.tw/realtimenews/article/new/20171113/1240134/
詳全文：尾盤爆量下殺　指數跌48點失守10700點關卡,https://tw.appledaily.com/http://www.appledaily.com.tw/realtimenews/article/new/20171113/1240222/
詳全文：失智翁離家3天　誤闖花蓮站遭火車撞死,https://tw.appledaily.com/http://www.appledaily.com.tw/realtimenews/article/new/20171113/1240058/
詳全文：南投上午再震　氣象局：未來一周仍有規模3~4的餘震,https://tw.appledaily.com/http://www.appledaily.com.tw/realtimenews/article/new/20171113/1240079/
詳全文：【有片】李永得用客語報告　藍委批聽不懂要求講中文,https://tw.appledaily.com/http://www.appledaily.com.tw/realtimenews/article/new/20171113/1240151/
詳全文：賴揆曾救災　維冠大樓都更聯貸火速簽定,https://tw.appledaily.com/http://www.appledaily.com.tw/realtimenews/article/new/20171113/1239895/
詳全文：宏達電Vive雙11京東稱霸 　進駐VW狼堡,https://tw.appledaily.com/http://www.appledaily.com.tw/realtimenews/article/new/20171113/1240030/
詳全文：他不堪噪音擾眠　匿名信找鄰居小孩「溝通」下場這樣,https://tw.appledaily.com/http://www.appledaily.com.tw/realtimenews/article/new/20171113/1240201/
詳全文：想愛又怕受傷害　他用分手金句逼退女方,https://tw.appledaily.com/http://www.appledaily.com.tw/realtimenews/article/new/20171113/1240097/
詳全文：爆「天氣女孩」遭欠薪　《周刊王》挨告誹謗,https://tw.appledaily.com/http://www.appledaily.com.tw/realtimenews/article/new/20171113/1240159/
詳全文：假觀光真賣淫　2泰籍女遭法辦收容,https://tw.appledaily.com/http://www.appledaily.com.tw/realtimenews/article/new/20171113/1240193/
詳全文：反年金改革今上街頭　交管37小時用路人繞道,https://tw.appledaily.com/http://www.appledaily.com.tw/realtimenews/article/new/20171113/1240219/
詳全文：Hebe遭盜用賣睫毛液　華研報警打假！,https://tw.appledaily.com/http://www.appledaily.com.tw/realtimenews/article/new/20171113/1240227/
詳全文：軟銀3017億買UBER股權14%　取得2席董事,https://tw.appledaily.com/http://www.appledaily.com.tw/realtimenews/article/new/20171113/1240085/
詳全文：不滿林聰賢逕行向違規農舍課稅　藍委要求監院彈劾,https://tw.appledaily.com/http://www.appledaily.com.tw/realtimenews/article/new/20171113/1240129/
詳全文：一位技術員心聲：請政府與人民共同編織產業升級的蛹口,https://tw.appledaily.com/http://www.appledaily.com.tw/realtimenews/article/new/20171113/1239845/
詳全文：藥劑師買200元書籍　被詐6萬元,https://tw.appledaily.com/http://www.appledaily.com.tw/realtimenews/article/new/20171113/1240181/
詳全文：【有片】W飯店酒客衝突　男子遭劃傷送醫,https://tw.appledaily.com/http://www.appledaily.com.tw/realtimenews/article/new/20171113/1240006/
詳全文：雙十一業績成長600倍　PChome即起發送感恩購物金,https://tw.appledaily.com/http://www.appledaily.com.tw/realtimenews/article/new/20171113/1240208/
詳全文：【慶富案】黃國昌再轟蔡慶年　「幫慶富作弊」,https://tw.appledaily.com/http://www.appledaily.com.tw/realtimenews/article/new/20171113/1240154/
詳全文：救國團青年中心無法可管　賀陳旦：兩周內檢討,https://tw.appledaily.com/http://www.appledaily.com.tw/realtimenews/article/new/20171113/1240168/
詳全文：吳敦義、朱立倫落海先救誰　周錫瑋秒回,https://tw.appledaily.com/http://www.appledaily.com.tw/realtimenews/article/new/20171113/1240251/
詳全文：少女洗霸王頭落跑！結帳金額讓網友驚呆了,https://tw.appledaily.com/http://www.appledaily.com.tw/realtimenews/article/new/20171113/1240256/
詳全文：活塞鐵衛布萊德利建功　5連勝、本季第10勝到手,https://tw.appledaily.com/http://www.appledaily.com.tw/realtimenews/article/new/20171113/1240020/
詳全文：台北車展搶先看　BMW將以M軍團主打性能牌,https://tw.appledaily.com/http://www.appledaily.com.tw/realtimenews/article/new/20171113/1240023/
詳全文：身障兒媽媽：從我的二個孩子來看兒童遊戲權,https://tw.appledaily.com/http://www.appledaily.com.tw/realtimenews/article/new/20171113/1240103/
詳全文：印度遊船傾覆　至少16人身亡,https://tw.appledaily.com/http://www.appledaily.com.tw/realtimenews/article/new/20171113/1239995/
詳全文：俞大維故居　北市文資會決議指定為市定古蹟,https://tw.appledaily.com/http://www.appledaily.com.tw/realtimenews/article/new/20171113/1240197/
詳全文：【性侵13少年】淫老大臉書充暖男　「我是人不是畜生」,https://tw.appledaily.com/http://www.appledaily.com.tw/realtimenews/article/new/20171113/1240242/
詳全文：大聯盟總經理會議登場　史坦頓、大谷成討論焦點,https://tw.appledaily.com/http://www.appledaily.com.tw/realtimenews/article/new/20171113/1240080/
詳全文：學生按喇叭示警　反遭攔車嗆聲,https://tw.appledaily.com/http://www.appledaily.com.tw/realtimenews/article/new/20171113/1240162/
詳全文：淫老大藏13少年裸照　相互打槍錄影取樂,https://tw.appledaily.com/http://www.appledaily.com.tw/realtimenews/article/new/20171113/1240190/
詳全文：850克白松露拍賣　香港買家260萬得標,https://tw.appledaily.com/http://www.appledaily.com.tw/realtimenews/article/new/20171113/1240206/
詳全文：批一銀幫慶富作弊　黃國昌：膽大妄為、肆無忌憚,https://tw.appledaily.com/http://www.appledaily.com.tw/realtimenews/article/new/20171113/1240111/
詳全文：周一放鬆　你需要看看這個水中世界,https://tw.appledaily.com/http://www.appledaily.com.tw/realtimenews/article/new/20171113/1239848/
詳全文：鄭運鵬提案修《地方制度法》　鄉鎮市長改官派,https://tw.appledaily.com/http://www.appledaily.com.tw/realtimenews/article/new/20171113/1240090/
詳全文：腦殘公車站　路邊載客變併排停車,https://tw.appledaily.com/http://www.appledaily.com.tw/realtimenews/article/new/20171113/1240172/
詳全文：騎樓違規擺攤常遭檢舉　店家控訴所長上門恐嚇,https://tw.appledaily.com/http://www.appledaily.com.tw/realtimenews/article/new/20171113/1240145/
詳全文：【全紀錄】NBA今日4場賽事　雷霆威少27分勝小牛,https://tw.appledaily.com/http://www.appledaily.com.tw/realtimenews/article/new/20171113/1240152/
詳全文：碧砂漁港旁又巨石崩落　居民心中恐懼再現,https://tw.appledaily.com/http://www.appledaily.com.tw/realtimenews/article/new/20171113/1240166/
詳全文：柯P赴議會爭取預算　議員對這項超有意見,https://tw.appledaily.com/http://www.appledaily.com.tw/realtimenews/article/new/20171113/1240218/
詳全文：傳陳菊被勸進選台北　柯Ｐ：台北市民素質蠻高的,https://tw.appledaily.com/http://www.appledaily.com.tw/realtimenews/article/new/20171113/1240239/
詳全文：醫師納《勞基法》恐跳票？衛福部長這樣說,https://tw.appledaily.com/http://www.appledaily.com.tw/realtimenews/article/new/20171113/1240062/
詳全文：「大鬍子」哈登26分、15助攻　火箭再度超車勇士西區第1,https://tw.appledaily.com/http://www.appledaily.com.tw/realtimenews/article/new/20171113/1240069/
詳全文：賞月賞美人　BLANCPAIN一錶搞定,https://tw.appledaily.com/http://www.appledaily.com.tw/realtimenews/article/new/20171113/1239819/
詳全文：國中校長 ：教師工作權與學生受教權，孰重？,https://tw.appledaily.com/http://www.appledaily.com.tw/realtimenews/article/new/20171113/1240054/
詳全文：批北市府無法捍衛文化資產　文資團體嗆換掉柯Ｐ,https://tw.appledaily.com/http://www.appledaily.com.tw/realtimenews/article/new/20171113/1240077/
詳全文：高雄式左轉被攔　女冒胞姊身分遭識破,https://tw.appledaily.com/http://www.appledaily.com.tw/realtimenews/article/new/20171113/1240104/
詳全文：立委王育敏訪視北院　為法警爭權益,https://tw.appledaily.com/http://www.appledaily.com.tw/realtimenews/article/new/20171113/1240169/
詳全文：【更新】美駐港領事館收可疑粉末信　大批警消戒備,https://tw.appledaily.com/http://www.appledaily.com.tw/realtimenews/article/new/20171113/1240086/
詳全文：大谷翔平傷後首練打　繼續投打二刀流,https://tw.appledaily.com/http://www.appledaily.com.tw/realtimenews/article/new/20171113/1240088/
詳全文：重砲黃載均回鍋韓職　4年破2億加盟KT巫師,https://tw.appledaily.com/http://www.appledaily.com.tw/realtimenews/article/new/20171113/1240128/
詳全文：為籌結婚經費提供帳戶　新人險淪為詐欺共犯,https://tw.appledaily.com/http://www.appledaily.com.tw/realtimenews/article/new/20171113/1240196/
詳全文：​綠能科技Q3毛利轉正　擺脫低潮,https://tw.appledaily.com/http://www.appledaily.com.tw/realtimenews/article/new/20171113/1240173/
詳全文：司法院前疊放拒馬　夜間警示不足害騎士撞摔,https://tw.appledaily.com/http://www.appledaily.com.tw/realtimenews/article/new/20171113/1240070/
詳全文：【好長片】妹妹就愛30公分　不滿足還豪吞牽絲款,https://tw.appledaily.com/http://www.appledaily.com.tw/realtimenews/article/new/20171113/1240098/
詳全文：龍獅虎象球星12月OB賽　2個月前就開始備戰,https://tw.appledaily.com/http://www.appledaily.com.tw/realtimenews/article/new/20171113/1240114/
詳全文：偷拍狼出沒清大　校方加高女廁隔板防偷拍,https://tw.appledaily.com/http://www.appledaily.com.tw/realtimenews/article/new/20171113/1240195/
詳全文：留韓小鮮肉反攻寶島不惜脫光　抖公司監看手機,https://tw.appledaily.com/http://www.appledaily.com.tw/realtimenews/article/new/20171113/1240211/
詳全文：漂浪島嶼／郭志榮專欄：當「工業五缺」拼「人民四害」,https://tw.appledaily.com/http://www.appledaily.com.tw/realtimenews/article/new/20171113/1240041/
詳全文：​深耕太陽能市場　碩禾獲杜邦非專屬授權協議,https://tw.appledaily.com/http://www.appledaily.com.tw/realtimenews/article/new/20171113/1240149/
詳全文：雷霆安東尼背傷缺賽　喬治37分照轟小牛無礙,https://tw.appledaily.com/http://www.appledaily.com.tw/realtimenews/article/new/20171113/1240110/
詳全文：遊客逗留平交道案件多　JR西日本加裝中英韓語告示,https://tw.appledaily.com/http://www.appledaily.com.tw/realtimenews/article/new/20171113/1240182/
詳全文：F1巴西站決賽　法拉利維特爾奪本季第5冠,https://tw.appledaily.com/http://www.appledaily.com.tw/realtimenews/article/new/20171113/1240033/
詳全文：糊塗男鑰匙掉水溝　智警製釣桿耐心撈起,https://tw.appledaily.com/http://www.appledaily.com.tw/realtimenews/article/new/20171113/1240225/
詳全文：台幣貶2.1分　中午暫收30.193元,https://tw.appledaily.com/http://www.appledaily.com.tw/realtimenews/article/new/20171113/1240175/
詳全文：坐頭等艙又收賄　中新社前社長遭中共開除黨籍,https://tw.appledaily.com/http://www.appledaily.com.tw/realtimenews/article/new/20171113/1240247/
詳全文：EA《星戰》新作發行前　再花4億買遊戲公司,https://tw.appledaily.com/http://www.appledaily.com.tw/realtimenews/article/new/20171113/1239972/
詳全文：爵士高貝爾右膝瘀傷缺戰4-6周　稱對手打髒球,https://tw.appledaily.com/http://www.appledaily.com.tw/realtimenews/article/new/20171113/1240047/
詳全文：國際婦女防暴日　女籃王維琳學防身術,https://tw.appledaily.com/http://www.appledaily.com.tw/realtimenews/article/new/20171113/1240056/
詳全文：台9線南迴公路拓寬改善　環差通過,https://tw.appledaily.com/http://www.appledaily.com.tw/realtimenews/article/new/20171113/1240124/
詳全文：交友APP亂槍打鳥　型男賣安毒給警遭逮,https://tw.appledaily.com/http://www.appledaily.com.tw/realtimenews/article/new/20171113/1240045/
詳全文：​虹揚-KY收購台灣玻封電子70%股權　擴大二極體版圖,https://tw.appledaily.com/http://www.appledaily.com.tw/realtimenews/article/new/20171113/1240163/
詳全文：​工地打工摔斷手　換跑道改當詐欺車手  ,https://tw.appledaily.com/http://www.appledaily.com.tw/realtimenews/article/new/20171113/1240220/
詳全文：【郎有情妾無意】高通擬回絕博通　併購戰火將起,https://tw.appledaily.com/http://www.appledaily.com.tw/realtimenews/article/new/20171113/1240237/
詳全文：百聿砸億元擴大後製編制　挹注明年營運動能,https://tw.appledaily.com/http://www.appledaily.com.tw/realtimenews/article/new/20171113/1240089/
詳全文：前藍鳥總經理安索波洛斯　轉任勇士總經理,https://tw.appledaily.com/http://www.appledaily.com.tw/realtimenews/article/new/20171113/1240231/
詳全文：反對修《勞基法》鬆綁7休1　藍委批：大走回頭路,https://tw.appledaily.com/http://www.appledaily.com.tw/realtimenews/article/new/20171113/1240106/
詳全文：雙11幸運兒　花79元抽中iPhone X　,https://tw.appledaily.com/http://www.appledaily.com.tw/realtimenews/article/new/20171113/1240243/
詳全文：選新北市長仍不辭北市副市長職　陳景峻：柯Ｐ選市長也要辭職嗎？,https://tw.appledaily.com/http://www.appledaily.com.tw/realtimenews/article/new/20171113/1240258/
詳全文：民間團體備佳餚慰勞　打火弟兄暖胃更暖心,https://tw.appledaily.com/http://www.appledaily.com.tw/realtimenews/article/new/20171113/1240230/
詳全文：護藻礁學生寫給蔡英文：妳落選還可參選　有的破壞就沒了,https://tw.appledaily.com/http://www.appledaily.com.tw/realtimenews/article/new/20171113/1240233/
詳全文：Apple Watch 愛馬仕全新錶帶明登場,https://tw.appledaily.com/http://www.appledaily.com.tw/realtimenews/article/new/20171113/1240246/
詳全文：連拉2根漲停　宏碁陳俊聖8度買股終於賺啦！,https://tw.appledaily.com/http://www.appledaily.com.tw/realtimenews/article/new/20171113/1240252/
詳全文：亞冠賽熱身賽　日本隊6比0勝西武,https://tw.appledaily.com/http://www.appledaily.com.tw/realtimenews/article/new/20171113/1240262/
詳全文：【特企】永遠的新鮮人　國寶級電影看板繪師「把每天當第一天」,https://tw.appledaily.com/http://www.appledaily.com.tw/realtimenews/article/new/20171113/1236353/
詳全文：【健康問蘋果】手腳總是粗粗長繭　這樣做還你嫩皮,https://tw.appledaily.com/http://www.appledaily.com.tw/realtimenews/article/new/20171113/1237342/
詳全文：【特企】年輕人靠北「生錯年代」　想買房竟得不吃不喝這麼多年,https://tw.appledaily.com/http://www.appledaily.com.tw/realtimenews/article/new/20171113/1238010/
詳全文：【特企】光喝水不夠！喝礦泉水能使保養效果更加乘！,https://tw.appledaily.com/http://www.appledaily.com.tw/realtimenews/article/new/20171113/1238560/
詳全文：【祕密客】海綿寶寶火燒厝　猜猜鳳梨裡賣什麼藥,https://tw.appledaily.com/http://www.appledaily.com.tw/realtimenews/article/new/20171113/1239040/
詳全文：勞動部創客基地協助　青年創作「不插電音箱」獲青睞,https://tw.appledaily.com/http://www.appledaily.com.tw/realtimenews/article/new/20171113/1239538/
詳全文：【早春時尚趨勢】高雅運動風當道　希臘女神強勢回歸,https://tw.appledaily.com/http://www.appledaily.com.tw/realtimenews/article/new/20171113/1239723/
詳全文：就服處本周釋643個職缺　運輸業高薪可達75K,https://tw.appledaily.com/http://www.appledaily.com.tw/realtimenews/article/new/20171113/1239813/
詳全文：丹麥飾品提前慶聖誕　馴鹿、貓頭鷹耍CUTE,https://tw.appledaily.com/http://www.appledaily.com.tw/realtimenews/article/new/20171113/1239834/
詳全文：南太鉉當老闆自組樂團　下月撲台開唱,https://tw.appledaily.com/http://www.appledaily.com.tw/realtimenews/article/new/20171113/1239853/
詳全文：Hearts On Fire獻應景聖誕禮　星星珠寶放閃,https://tw.appledaily.com/http://www.appledaily.com.tw/realtimenews/article/new/20171113/1239866/
詳全文：POP ART @WOOBAR藝術展　W Taipei彩繪吸睛,https://tw.appledaily.com/http://www.appledaily.com.tw/realtimenews/article/new/20171113/1239912/
詳全文：搶業績！　購車送Dyson吸塵器、免費保養,https://tw.appledaily.com/http://www.appledaily.com.tw/realtimenews/article/new/20171113/1239935/
詳全文：北市醫師工會法律顧問：醫師節 醫師不快樂,https://tw.appledaily.com/http://www.appledaily.com.tw/realtimenews/article/new/20171113/1239965/
詳全文：53歲型男秀品味　劉青雲拼色西裝帥壓全場,https://tw.appledaily.com/http://www.appledaily.com.tw/realtimenews/article/new/20171113/1239971/
詳全文：老佛爺助攻招「桃花」　新香時尚又實在,https://tw.appledaily.com/http://www.appledaily.com.tw/realtimenews/article/new/20171113/1239985/
詳全文：智崴明年全球據點進入開幕潮　將切入VR體感設備領域,https://tw.appledaily.com/http://www.appledaily.com.tw/realtimenews/article/new/20171113/1239988/
詳全文：部落夯客：我想謝謝你,https://tw.appledaily.com/http://www.appledaily.com.tw/realtimenews/article/new/20171113/1239997/
詳全文：OHL高球菁英賽　潘政琮並列55收場,https://tw.appledaily.com/http://www.appledaily.com.tw/realtimenews/article/new/20171113/1240036/
詳全文：彩虹小馬、卡娜赫拉耍萌　文創主題展搶商機,https://tw.appledaily.com/http://www.appledaily.com.tw/realtimenews/article/new/20171113/1240068/
詳全文：男取毒遇警躲超商　藏貨架突兀被識破,https://tw.appledaily.com/http://www.appledaily.com.tw/realtimenews/article/new/20171113/1240232/
詳全文：要否加入政黨？　柯P首度回答：不排斥,https://tw.appledaily.com/http://www.appledaily.com.tw/realtimenews/article/new/20171113/1240234/
詳全文：台股盤中～台股近期表現差　MSCI恐降權重,https://tw.appledaily.com/http://www.appledaily.com.tw/realtimenews/article/new/20171113/1240102/
詳全文：台科大生肖設計競賽　《汪旺來》抱金獎,https://tw.appledaily.com/http://www.appledaily.com.tw/realtimenews/article/new/20171113/1240096/
詳全文：哥斯大黎加規模6.5強震　至少2重傷,https://tw.appledaily.com/http://www.appledaily.com.tw/realtimenews/article/new/20171113/1240113/
詳全文：【GAME啥】《角子共玩》發財樹驚喜登場 贏分比賽拿獎金,https://tw.appledaily.com/http://www.appledaily.com.tw/realtimenews/article/new/20171113/1240118/
詳全文：【GAME啥】《SF Online》直營見面會 開發團隊直面玩家傾聽聲音,https://tw.appledaily.com/http://www.appledaily.com.tw/realtimenews/article/new/20171113/1240123/
詳全文：【壹週刊】自己的奶自己救　反骨醫師走上創業路,https://tw.appledaily.com/http://www.appledaily.com.tw/realtimenews/article/new/20171113/1240127/
詳全文：【GAME啥】歡慶手遊《陰屍之路》iOS版正式登場~雙平台同步OB公測開跑！,https://tw.appledaily.com/http://www.appledaily.com.tw/realtimenews/article/new/20171113/1240132/
詳全文：【有片】​八百壯士抗議年金改革　警方出動霹靂小組待命  ,https://tw.appledaily.com/http://www.appledaily.com.tw/realtimenews/article/new/20171113/1240133/
詳全文：一金董座有人選？許虞哲：沒有,https://tw.appledaily.com/http://www.appledaily.com.tw/realtimenews/article/new/20171113/1240135/
詳全文：民防隊員建功　婦人保住12萬元現金,https://tw.appledaily.com/http://www.appledaily.com.tw/realtimenews/article/new/20171113/1240194/
詳全文：離家走失一夜走20公里　流落街頭街受凍警協助,https://tw.appledaily.com/http://www.appledaily.com.tw/realtimenews/article/new/20171113/1240178/
詳全文：醫師納《勞基法》　藍委轟衛福部長不敢承諾,https://tw.appledaily.com/http://www.appledaily.com.tw/realtimenews/article/new/20171113/1240170/
詳全文：IBM將攜星展推首位企業金融AI助理,https://tw.appledaily.com/http://www.appledaily.com.tw/realtimenews/article/new/20171113/1240174/
詳全文：客語認證報名人數減少　李永得：只是短暫現象,https://tw.appledaily.com/http://www.appledaily.com.tw/realtimenews/article/new/20171113/1240180/
詳全文：緯創小金雞緯穎登興櫃　最高衝152元　,https://tw.appledaily.com/http://www.appledaily.com.tw/realtimenews/article/new/20171113/1240183/
詳全文：電玩《幻想三國誌》　跨界推小說漫畫,https://tw.appledaily.com/http://www.appledaily.com.tw/realtimenews/article/new/20171113/1240184/
詳全文：談APEC成績　宋楚瑜：盡心讓世界了解台灣可提供發展範例,https://tw.appledaily.com/http://www.appledaily.com.tw/realtimenews/article/new/20171113/1240186/
詳全文：防性侵兒童　法擬定13至15歲為合意性行為最低年齡,https://tw.appledaily.com/http://www.appledaily.com.tw/realtimenews/article/new/20171113/1240187/
詳全文：​昱晶Q3成功轉盈　終止連4季虧損,https://tw.appledaily.com/http://www.appledaily.com.tw/realtimenews/article/new/20171113/1240188/
詳全文：手機賊監視器沖水滅證　銷贓遭警逮,https://tw.appledaily.com/http://www.appledaily.com.tw/realtimenews/article/new/20171113/1240191/
詳全文：超模Gigi蜜戀贊恩2年　唇黏「最愛的人類」示愛,https://tw.appledaily.com/http://www.appledaily.com.tw/realtimenews/article/new/20171113/1240192/
詳全文：故鄉「西庄里」將被消滅　傳扁致電賴清德,https://tw.appledaily.com/http://www.appledaily.com.tw/realtimenews/article/new/20171113/1240199/
詳全文：小雞雞變「大鵰」　原來褲檔內藏玄機,https://tw.appledaily.com/http://www.appledaily.com.tw/realtimenews/article/new/20171113/1240204/
詳全文： 「你是我世界之光」　菲總杜特蒂獻唱情歌給川普,https://tw.appledaily.com/http://www.appledaily.com.tw/realtimenews/article/new/20171113/1240210/
詳全文：7旬婦離家墜山溝　警細心協尋平安歸來,https://tw.appledaily.com/http://www.appledaily.com.tw/realtimenews/article/new/20171113/1240212/
詳全文：陳致遠11歲女搶當AKB師妹　揪秀琴每天拉票,https://tw.appledaily.com/http://www.appledaily.com.tw/realtimenews/article/new/20171113/1240216/
詳全文：稱讚中國在APEC釋善意　宋楚瑜：有大哥的樣子,https://tw.appledaily.com/http://www.appledaily.com.tw/realtimenews/article/new/20171113/1240217/
詳全文：社區球場打籃球　遭狂男持棒打破頭,https://tw.appledaily.com/http://www.appledaily.com.tw/realtimenews/article/new/20171113/1240224/
詳全文：茂林今年前3季EPS1.82元　搶攻大尺寸電視新商機,https://tw.appledaily.com/http://www.appledaily.com.tw/realtimenews/article/new/20171113/1240229/
詳全文：拿iPhone 4裝X　惡搞路人問評價,https://tw.appledaily.com/http://www.appledaily.com.tw/realtimenews/article/new/20171113/1240236/
詳全文：慶富案是政府鬧劇？　工程會：絕無放水,https://tw.appledaily.com/http://www.appledaily.com.tw/realtimenews/article/new/20171113/1240238/
詳全文：乳癌復健不怕　北榮引進Pepper機器人,https://tw.appledaily.com/http://www.appledaily.com.tw/realtimenews/article/new/20171113/1240240/
詳全文：放不下！傅達仁安樂死之旅　因兒生病陷兩難,https://tw.appledaily.com/http://www.appledaily.com.tw/realtimenews/article/new/20171113/1240259/
詳全文：家長團體抗議　反對性平輔導團「突襲授課」,https://tw.appledaily.com/http://www.appledaily.com.tw/realtimenews/article/new/20171113/1240260/
詳全文：中市府大刀一揮　中火明年許可證遭退件,https://tw.appledaily.com/http://www.appledaily.com.tw/realtimenews/article/new/20171113/1240265/
詳全文：統一超商4個月漲4次　晨光葡萄土司本月漲2成,https://tw.appledaily.com/http://www.appledaily.com.tw/realtimenews/article/new/20171113/1240269/
詳全文：老翁赴美探子下樓倒垃圾　遭槍殺,https://tw.appledaily.com/http://www.appledaily.com.tw/realtimenews/article/new/20171113/1240270/
