項目,網址
詳全文：稱讚中國在APEC釋善意　宋楚瑜：有大哥的樣子,https://tw.appledaily.com/http://www.appledaily.com.tw/realtimenews/article/new/20171113/1240217/
詳全文：小雞雞變「大鵰」　原來褲檔內藏玄機,https://tw.appledaily.com/http://www.appledaily.com.tw/realtimenews/article/new/20171113/1240204/
詳全文：超模Gigi蜜戀贊恩2年　唇黏「最愛的人類」示愛,https://tw.appledaily.com/http://www.appledaily.com.tw/realtimenews/article/new/20171113/1240192/
詳全文：南投上午再震　氣象局：未來一周仍有規模3~4的餘震,https://tw.appledaily.com/http://www.appledaily.com.tw/realtimenews/article/new/20171113/1240079/
詳全文：故鄉「西庄里」將被消滅　傳扁致電賴清德,https://tw.appledaily.com/http://www.appledaily.com.tw/realtimenews/article/new/20171113/1240199/
詳全文：失智翁離家3天　誤闖花蓮站遭火車撞死,https://tw.appledaily.com/http://www.appledaily.com.tw/realtimenews/article/new/20171113/1240058/
詳全文：不滿軍人反年改方案　「八百壯士」遊行抗議,https://tw.appledaily.com/http://www.appledaily.com.tw/realtimenews/article/new/20171113/1240072/
詳全文：選新北市長仍不辭北市副市長職　陳景峻：柯Ｐ選市長也要辭職嗎？,https://tw.appledaily.com/http://www.appledaily.com.tw/realtimenews/article/new/20171113/1240258/
詳全文：法拉利姊哭譙餐車遭檢舉　切心收攤棄上萬日薪,https://tw.appledaily.com/http://www.appledaily.com.tw/realtimenews/article/new/20171113/1239986/
詳全文：【有片】李永得用客語報告　藍委批聽不懂要求講中文,https://tw.appledaily.com/http://www.appledaily.com.tw/realtimenews/article/new/20171113/1240151/
詳全文：大貨車國道爆胎釀火燒車　濃煙一公里外可見,https://tw.appledaily.com/http://www.appledaily.com.tw/realtimenews/article/new/20171113/1240073/
詳全文：【不斷更新】兩伊邊境7.3強震　逾210死千人傷 ,https://tw.appledaily.com/http://www.appledaily.com.tw/realtimenews/article/new/20171113/1239996/
詳全文：【不斷更新】八百壯士宣布今日活動結束　保存實力明再上凱道抗議,https://tw.appledaily.com/http://www.appledaily.com.tw/realtimenews/article/new/20171113/1239947/
詳全文：傳陳菊被勸進選台北　柯Ｐ：台北市民素質蠻高的,https://tw.appledaily.com/http://www.appledaily.com.tw/realtimenews/article/new/20171113/1240239/
詳全文：要否加入政黨？　柯P首度回答：不排斥,https://tw.appledaily.com/http://www.appledaily.com.tw/realtimenews/article/new/20171113/1240234/
詳全文：柯以柔陷人生難題大掉髮　笑撇強顏歡笑,https://tw.appledaily.com/http://www.appledaily.com.tw/realtimenews/article/new/20171113/1240137/
詳全文：【好長片】妹妹就愛30公分　不滿足還豪吞牽絲款,https://tw.appledaily.com/http://www.appledaily.com.tw/realtimenews/article/new/20171113/1240098/
詳全文：留韓小鮮肉反攻寶島不惜脫光　抖公司監看手機,https://tw.appledaily.com/http://www.appledaily.com.tw/realtimenews/article/new/20171113/1240211/
詳全文：拿iPhone 4裝X　惡搞路人問評價,https://tw.appledaily.com/http://www.appledaily.com.tw/realtimenews/article/new/20171113/1240236/
詳全文： 「你是我世界之光」　菲總杜特蒂獻唱情歌給川普,https://tw.appledaily.com/http://www.appledaily.com.tw/realtimenews/article/new/20171113/1240210/
詳全文：她剪開24個LV包做馬桶　定價300萬真能沖水,https://tw.appledaily.com/http://www.appledaily.com.tw/realtimenews/article/new/20171113/1240221/
詳全文：大馬密會43小時　林志玲言承旭默契抵中國,https://tw.appledaily.com/http://www.appledaily.com.tw/realtimenews/article/new/20171113/1240083/
詳全文：【五貼片】2大3小騎機車5貼載　警：太危險將開罰,https://tw.appledaily.com/http://www.appledaily.com.tw/realtimenews/article/new/20171113/1240143/
詳全文：【有片】保時捷跑車迎娶　慘！豬隊友放炮GG了,https://tw.appledaily.com/http://www.appledaily.com.tw/realtimenews/article/new/20171113/1240087/
詳全文：柯P赴議會爭取預算　議員對這項超有意見,https://tw.appledaily.com/http://www.appledaily.com.tw/realtimenews/article/new/20171113/1240218/
詳全文：【夾殺片】買大支划算？小支i8本季產量恐暴減6成　,https://tw.appledaily.com/http://www.appledaily.com.tw/realtimenews/article/new/20171113/1239821/
詳全文：蔡阿嘎喝「厚！奶茶」　預言下個退燒夯店是…,https://tw.appledaily.com/http://www.appledaily.com.tw/realtimenews/article/new/20171113/1240198/
詳全文：【壹週刊】自己的奶自己救　反骨醫師走上創業路,https://tw.appledaily.com/http://www.appledaily.com.tw/realtimenews/article/new/20171113/1240127/
詳全文：【有片】要怎麼打？ 大聯盟最難纏5球路投手出爐　,https://tw.appledaily.com/http://www.appledaily.com.tw/realtimenews/article/new/20171113/1240050/
詳全文：北北基宜大雨特報　周四五回暖、周末有感降溫,https://tw.appledaily.com/http://www.appledaily.com.tw/realtimenews/article/new/20171113/1240044/
詳全文：【道歉片】曾嗆對徐榛蔚很有意見　26天後李永得公開致歉,https://tw.appledaily.com/http://www.appledaily.com.tw/realtimenews/article/new/20171113/1240052/
詳全文：【雙喜臨門】蔡正元63歲當爸　本周可望回家團圓,https://tw.appledaily.com/http://www.appledaily.com.tw/realtimenews/article/new/20171113/1240093/
詳全文：買房貸不高　6關鍵問題點,https://tw.appledaily.com/http://www.appledaily.com.tw/realtimenews/article/new/20171113/1237900/
詳全文：司法院前疊放拒馬　夜間警示不足害騎士撞摔,https://tw.appledaily.com/http://www.appledaily.com.tw/realtimenews/article/new/20171113/1240070/
詳全文：【勸導片】30警防「待轉大富翁」　1騎士繞行遭勸導離開,https://tw.appledaily.com/http://www.appledaily.com.tw/realtimenews/article/new/20171113/1239982/
詳全文：談APEC成績　宋楚瑜：盡心讓世界了解台灣可提供發展範例,https://tw.appledaily.com/http://www.appledaily.com.tw/realtimenews/article/new/20171113/1240186/
詳全文：【超火片】挺過1000℃熔岩　GoPro紀錄岩漿來襲剎那,https://tw.appledaily.com/http://www.appledaily.com.tw/realtimenews/article/new/20171113/1239999/
詳全文：立委王育敏訪視北院　為法警爭權益,https://tw.appledaily.com/http://www.appledaily.com.tw/realtimenews/article/new/20171113/1240169/
詳全文：哥哥弄髒他的家　潔癖弟燒炭獲救,https://tw.appledaily.com/http://www.appledaily.com.tw/realtimenews/article/new/20171113/1240105/
詳全文：爆「天氣女孩」遭欠薪　《周刊王》挨告誹謗,https://tw.appledaily.com/http://www.appledaily.com.tw/realtimenews/article/new/20171113/1240159/
詳全文：【有片】W飯店酒客衝突　男子遭劃傷送醫,https://tw.appledaily.com/http://www.appledaily.com.tw/realtimenews/article/new/20171113/1240006/
詳全文：陸元琪「都是負債」　1145字駁拿小胖所有財產,https://tw.appledaily.com/http://www.appledaily.com.tw/realtimenews/article/new/20171113/1240046/
詳全文：安全帽戴太久　這毛病會找上你,https://tw.appledaily.com/http://www.appledaily.com.tw/realtimenews/article/new/20171113/1238186/
詳全文：醫師納《勞基法》　藍委轟衛福部長不敢承諾,https://tw.appledaily.com/http://www.appledaily.com.tw/realtimenews/article/new/20171113/1240170/
詳全文：台北市網球中心　獲2017台灣建築獎,https://tw.appledaily.com/http://www.appledaily.com.tw/realtimenews/article/new/20171113/1240117/
詳全文：【健康問蘋果】手腳總是粗粗長繭　這樣做還你嫩皮,https://tw.appledaily.com/http://www.appledaily.com.tw/realtimenews/article/new/20171113/1237342/
詳全文：想愛又怕受傷害　他用分手金句逼退女方,https://tw.appledaily.com/http://www.appledaily.com.tw/realtimenews/article/new/20171113/1240097/
詳全文：龍獅虎象球星12月OB賽　2個月前就開始備戰,https://tw.appledaily.com/http://www.appledaily.com.tw/realtimenews/article/new/20171113/1240114/
詳全文：三寶這樣逆向騎車　目擊駕駛驚呆：哇操！,https://tw.appledaily.com/http://www.appledaily.com.tw/realtimenews/article/new/20171113/1240140/
詳全文：【有片】​八百壯士抗議年金改革　警方出動霹靂小組待命  ,https://tw.appledaily.com/http://www.appledaily.com.tw/realtimenews/article/new/20171113/1240133/
詳全文：【更新】美駐港領事館收可疑粉末信　大批警消戒備,https://tw.appledaily.com/http://www.appledaily.com.tw/realtimenews/article/new/20171113/1240086/
詳全文：【有片】強國爺一巴掌　狠！孫女鼻血噴滿地,https://tw.appledaily.com/http://www.appledaily.com.tw/realtimenews/article/new/20171113/1240099/
詳全文：黃昭順怒指遭鄭麗君放鴿子　鄭回應指「誤會」,https://tw.appledaily.com/http://www.appledaily.com.tw/realtimenews/article/new/20171113/1240136/
詳全文：【好威片】化身鋼鐵人？福特車廠讓員工穿這個,https://tw.appledaily.com/http://www.appledaily.com.tw/realtimenews/article/new/20171113/1239940/
詳全文：高雄式左轉被攔　女冒胞姊身分遭識破,https://tw.appledaily.com/http://www.appledaily.com.tw/realtimenews/article/new/20171113/1240104/
詳全文：【有片】塞爾提克讓一位爾文　12連勝照樣到手,https://tw.appledaily.com/http://www.appledaily.com.tw/realtimenews/article/new/20171113/1240018/
詳全文：地下淫宮豢養13少年　老大夜夜選妃逞獸慾,https://tw.appledaily.com/http://www.appledaily.com.tw/realtimenews/article/new/20171113/1240051/
詳全文：【有片】台北海碩盃會內名單出爐　百大性感榜7美女球星抵台,https://tw.appledaily.com/http://www.appledaily.com.tw/realtimenews/article/new/20171113/1239994/
詳全文：不滿周日到校寫作業　16歲學生刺死老師,https://tw.appledaily.com/http://www.appledaily.com.tw/realtimenews/article/new/20171113/1240074/
詳全文：辱護理師「輸卵管」後再出招　他提告爆料公社,https://tw.appledaily.com/http://www.appledaily.com.tw/realtimenews/article/new/20171113/1240057/
詳全文：【有片】丑男成功啦！  向陌生女索百吻 「比想像容易」,https://tw.appledaily.com/http://www.appledaily.com.tw/realtimenews/article/new/20171113/1239729/
詳全文：接未成年女友下課　職業軍人竟成猥褻案被告,https://tw.appledaily.com/http://www.appledaily.com.tw/realtimenews/article/new/20171113/1239649/
詳全文：【慶富案】密件滿天飛　顧立雄：已經解密,https://tw.appledaily.com/http://www.appledaily.com.tw/realtimenews/article/new/20171113/1240067/
詳全文：【特企】永遠的新鮮人　國寶級電影看板繪師「把每天當第一天」,https://tw.appledaily.com/http://www.appledaily.com.tw/realtimenews/article/new/20171113/1236353/
詳全文：國際婦女防暴日　女籃王維琳學防身術,https://tw.appledaily.com/http://www.appledaily.com.tw/realtimenews/article/new/20171113/1240056/
詳全文：【特企】年輕人靠北「生錯年代」　想買房竟得不吃不喝這麼多年,https://tw.appledaily.com/http://www.appledaily.com.tw/realtimenews/article/new/20171113/1238010/
詳全文：妻兒將遭中國遣返北韓　脫北者向港媒求救,https://tw.appledaily.com/http://www.appledaily.com.tw/realtimenews/article/new/20171113/1240032/
詳全文：【獨家】同志天菜斷開洋妞　女友驚變馬景濤前妻,https://tw.appledaily.com/http://www.appledaily.com.tw/realtimenews/article/new/20171113/1239794/
詳全文：【咩姊台語】雲林烏魚子產季到　又見養殖戶曬烏金,https://tw.appledaily.com/http://www.appledaily.com.tw/realtimenews/article/new/20171113/1237954/
詳全文：【有片】訪問時大地震　來賓驚慌主播強自鎮定,https://tw.appledaily.com/http://www.appledaily.com.tw/realtimenews/article/new/20171113/1240019/
詳全文：【有片】用餐中天搖地動　食客倉皇奔逃,https://tw.appledaily.com/http://www.appledaily.com.tw/realtimenews/article/new/20171113/1240014/
詳全文：北北基宜蘭大雨特報　南部高溫30℃,https://tw.appledaily.com/http://www.appledaily.com.tw/realtimenews/article/new/20171113/1240003/
詳全文：【買房問蘋果】持分房屋像寄宿　怎麼保障？,https://tw.appledaily.com/http://www.appledaily.com.tw/realtimenews/article/new/20171113/1236125/
詳全文：【NBA報馬仔】老鷹明打鵜鶘　快來看David哥的神推薦 ,https://tw.appledaily.com/http://www.appledaily.com.tw/realtimenews/article/new/20171113/1239836/
詳全文：寶島夢想家洋將確定　鵜鶘柯辛斯弟弟留用,https://tw.appledaily.com/http://www.appledaily.com.tw/realtimenews/article/new/20171113/1239903/
詳全文：AV高瀨杏揭密真實年齡　嬌嗔傲人G奶好困擾,https://tw.appledaily.com/http://www.appledaily.com.tw/realtimenews/article/new/20171113/1239887/
詳全文：【生死鬥】5.2公尺長巨蛇發威　小蛇使出捲頭功仍敗北 ,https://tw.appledaily.com/http://www.appledaily.com.tw/realtimenews/article/new/20171113/1239984/
詳全文：1.5米長怪鯊有300顆牙　祖先有8000萬年歷史,https://tw.appledaily.com/http://www.appledaily.com.tw/realtimenews/article/new/20171113/1239980/
詳全文：立委友人告狀　高鐵直呼冤枉,https://tw.appledaily.com/http://www.appledaily.com.tw/realtimenews/article/new/20171113/1239924/
詳全文：【毒氣室】印度空污超嚴重　聯合航空取消航班,https://tw.appledaily.com/http://www.appledaily.com.tw/realtimenews/article/new/20171113/1239978/
詳全文：【重逢片】狗狗看到當兵主人回來　反應讓人流淚,https://tw.appledaily.com/http://www.appledaily.com.tw/realtimenews/article/new/20171113/1239904/
詳全文：【玩水片】貪吃海獅為吃魚　整尊趴遊艇,https://tw.appledaily.com/http://www.appledaily.com.tw/realtimenews/article/new/20171113/1239905/
詳全文：【祕密客】海綿寶寶火燒厝　猜猜鳳梨裡賣什麼藥,https://tw.appledaily.com/http://www.appledaily.com.tw/realtimenews/article/new/20171113/1239040/
詳全文：【難過片】寶寶凍死　企鵝媽媽痛哭 ,https://tw.appledaily.com/http://www.appledaily.com.tw/realtimenews/article/new/20171113/1239901/
詳全文：【有片】人氣麻辣鍋訂不到位　在家這樣開吃,https://tw.appledaily.com/http://www.appledaily.com.tw/realtimenews/article/new/20171113/1239179/
詳全文：【喵嗚片】建築師好有愛　公益打造街喵的家,https://tw.appledaily.com/http://www.appledaily.com.tw/realtimenews/article/new/20171113/1239899/
詳全文：不管漲價！油錶沒到想要位置　女怒飆加油員,https://tw.appledaily.com/http://www.appledaily.com.tw/realtimenews/article/new/20171113/1239944/
詳全文：命中注定？小黃違停路中間　騎士要過就被她擊落,https://tw.appledaily.com/http://www.appledaily.com.tw/realtimenews/article/new/20171113/1239955/
詳全文：電腦記憶體的運作方式,https://tw.appledaily.com/http://www.appledaily.com.tw/realtimenews/article/new/20171113/1237404/
詳全文：奧客「貨運都知道我」　為證件5字經譙店員,https://tw.appledaily.com/http://www.appledaily.com.tw/realtimenews/article/new/20171113/1239961/
詳全文：【早春時尚趨勢】高雅運動風當道　希臘女神強勢回歸,https://tw.appledaily.com/http://www.appledaily.com.tw/realtimenews/article/new/20171113/1239723/
詳全文：【凶宅打卡】變調的初戀　醉夫勒斃結髮妻,https://tw.appledaily.com/http://www.appledaily.com.tw/realtimenews/article/new/20171113/1235915/
詳全文：【實測片】 iPhone X太嬌貴　5成人加買這個防GG,https://tw.appledaily.com/http://www.appledaily.com.tw/realtimenews/article/new/20171113/1239861/
詳全文：170公分長腿麻豆　俏麗短髮甜笑好迷人,https://tw.appledaily.com/http://www.appledaily.com.tw/realtimenews/article/new/20171113/1239763/
詳全文：【唐綺陽星座】射手將成關注焦點　天蠍巨額金錢活動頻繁,https://tw.appledaily.com/http://www.appledaily.com.tw/realtimenews/article/new/20171113/1239778/
詳全文：超大膽！電車癡女摸男下體　讓他褲子凸起了,https://tw.appledaily.com/http://www.appledaily.com.tw/realtimenews/article/new/20171113/1239976/
